,rewiered_id,label
0,sexism2022_english-11999,not sexist
1,sexism2022_english-9895,not sexist
2,sexism2022_english-11623,not sexist
3,sexism2022_english-19035,not sexist
4,sexism2022_english-895,not sexist
5,sexism2022_english-9656,not sexist
6,sexism2022_english-12064,not sexist
7,sexism2022_english-1602,not sexist
8,sexism2022_english-7039,not sexist
9,sexism2022_english-3399,not sexist
10,sexism2022_english-4749,not sexist
11,sexism2022_english-14356,not sexist
12,sexism2022_english-3311,not sexist
13,sexism2022_english-739,not sexist
14,sexism2022_english-10510,not sexist
15,sexism2022_english-8207,not sexist
16,sexism2022_english-7679,not sexist
17,sexism2022_english-18028,not sexist
18,sexism2022_english-10787,sexist
19,sexism2022_english-7302,not sexist
20,sexism2022_english-15773,not sexist
21,sexism2022_english-5012,not sexist
22,sexism2022_english-5728,not sexist
23,sexism2022_english-9082,not sexist
24,sexism2022_english-2821,not sexist
25,sexism2022_english-15012,not sexist
26,sexism2022_english-4586,not sexist
27,sexism2022_english-18170,not sexist
28,sexism2022_english-742,not sexist
29,sexism2022_english-6565,not sexist
30,sexism2022_english-8009,not sexist
31,sexism2022_english-1122,not sexist
32,sexism2022_english-18547,sexist
33,sexism2022_english-6425,not sexist
34,sexism2022_english-14157,not sexist
35,sexism2022_english-10001,sexist
36,sexism2022_english-3900,not sexist
37,sexism2022_english-12741,not sexist
38,sexism2022_english-17385,not sexist
39,sexism2022_english-17447,not sexist
40,sexism2022_english-8584,not sexist
41,sexism2022_english-14096,not sexist
42,sexism2022_english-12980,not sexist
43,sexism2022_english-12020,sexist
44,sexism2022_english-19606,not sexist
45,sexism2022_english-16633,not sexist
46,sexism2022_english-19748,not sexist
47,sexism2022_english-13063,not sexist
48,sexism2022_english-19630,not sexist
49,sexism2022_english-15023,not sexist
50,sexism2022_english-3623,not sexist
51,sexism2022_english-814,not sexist
52,sexism2022_english-3282,not sexist
53,sexism2022_english-10451,not sexist
54,sexism2022_english-8553,sexist
55,sexism2022_english-17476,not sexist
56,sexism2022_english-11590,not sexist
57,sexism2022_english-15213,not sexist
58,sexism2022_english-13520,not sexist
59,sexism2022_english-15941,not sexist
60,sexism2022_english-2139,not sexist
61,sexism2022_english-9349,not sexist
62,sexism2022_english-8766,not sexist
63,sexism2022_english-587,not sexist
64,sexism2022_english-514,sexist
65,sexism2022_english-9169,not sexist
66,sexism2022_english-14287,not sexist
67,sexism2022_english-3699,not sexist
68,sexism2022_english-15761,not sexist
69,sexism2022_english-512,not sexist
70,sexism2022_english-17817,not sexist
71,sexism2022_english-18779,not sexist
72,sexism2022_english-15536,not sexist
73,sexism2022_english-13537,not sexist
74,sexism2022_english-14791,sexist
75,sexism2022_english-7758,not sexist
76,sexism2022_english-15001,not sexist
77,sexism2022_english-12208,not sexist
78,sexism2022_english-13279,not sexist
79,sexism2022_english-2383,sexist
80,sexism2022_english-1214,not sexist
81,sexism2022_english-10293,not sexist
82,sexism2022_english-7628,sexist
83,sexism2022_english-18543,not sexist
84,sexism2022_english-7997,not sexist
85,sexism2022_english-19302,not sexist
86,sexism2022_english-9921,not sexist
87,sexism2022_english-14501,not sexist
88,sexism2022_english-2162,not sexist
89,sexism2022_english-11492,not sexist
90,sexism2022_english-15180,not sexist
91,sexism2022_english-15646,sexist
92,sexism2022_english-4670,not sexist
93,sexism2022_english-17466,not sexist
94,sexism2022_english-13107,not sexist
95,sexism2022_english-2894,not sexist
96,sexism2022_english-1245,not sexist
97,sexism2022_english-12306,not sexist
98,sexism2022_english-4479,not sexist
99,sexism2022_english-1229,sexist
100,sexism2022_english-12468,not sexist
101,sexism2022_english-16046,sexist
102,sexism2022_english-16360,not sexist
103,sexism2022_english-18961,not sexist
104,sexism2022_english-1179,not sexist
105,sexism2022_english-14822,sexist
106,sexism2022_english-3704,not sexist
107,sexism2022_english-439,not sexist
108,sexism2022_english-12288,not sexist
109,sexism2022_english-1174,not sexist
110,sexism2022_english-15084,not sexist
111,sexism2022_english-17759,not sexist
112,sexism2022_english-11620,not sexist
113,sexism2022_english-6008,not sexist
114,sexism2022_english-11865,not sexist
115,sexism2022_english-10474,not sexist
116,sexism2022_english-1000,not sexist
117,sexism2022_english-21,sexist
118,sexism2022_english-5502,not sexist
119,sexism2022_english-16293,not sexist
120,sexism2022_english-1369,sexist
121,sexism2022_english-161,not sexist
122,sexism2022_english-13818,not sexist
123,sexism2022_english-3511,not sexist
124,sexism2022_english-17294,not sexist
125,sexism2022_english-7429,not sexist
126,sexism2022_english-3132,not sexist
127,sexism2022_english-2904,not sexist
128,sexism2022_english-4706,not sexist
129,sexism2022_english-16211,not sexist
130,sexism2022_english-4893,not sexist
131,sexism2022_english-16622,not sexist
132,sexism2022_english-1940,not sexist
133,sexism2022_english-9444,not sexist
134,sexism2022_english-12400,not sexist
135,sexism2022_english-16460,not sexist
136,sexism2022_english-18955,not sexist
137,sexism2022_english-11682,not sexist
138,sexism2022_english-2126,sexist
139,sexism2022_english-6313,not sexist
140,sexism2022_english-12925,not sexist
141,sexism2022_english-12039,not sexist
142,sexism2022_english-11870,not sexist
143,sexism2022_english-2297,not sexist
144,sexism2022_english-12847,not sexist
145,sexism2022_english-17382,not sexist
146,sexism2022_english-14982,not sexist
147,sexism2022_english-344,not sexist
148,sexism2022_english-16496,sexist
149,sexism2022_english-18924,not sexist
150,sexism2022_english-19253,sexist
151,sexism2022_english-8059,not sexist
152,sexism2022_english-12634,not sexist
153,sexism2022_english-6180,sexist
154,sexism2022_english-7754,not sexist
155,sexism2022_english-12411,sexist
156,sexism2022_english-18027,not sexist
157,sexism2022_english-12122,not sexist
158,sexism2022_english-533,sexist
159,sexism2022_english-18060,not sexist
160,sexism2022_english-10181,not sexist
161,sexism2022_english-7159,not sexist
162,sexism2022_english-7646,sexist
163,sexism2022_english-5691,not sexist
164,sexism2022_english-1515,not sexist
165,sexism2022_english-10295,not sexist
166,sexism2022_english-15208,not sexist
167,sexism2022_english-8960,sexist
168,sexism2022_english-2196,not sexist
169,sexism2022_english-7771,not sexist
170,sexism2022_english-18335,not sexist
171,sexism2022_english-5272,not sexist
172,sexism2022_english-1052,sexist
173,sexism2022_english-2021,sexist
174,sexism2022_english-7590,not sexist
175,sexism2022_english-3978,not sexist
176,sexism2022_english-13049,not sexist
177,sexism2022_english-10683,not sexist
178,sexism2022_english-10886,not sexist
179,sexism2022_english-8911,not sexist
180,sexism2022_english-2788,not sexist
181,sexism2022_english-12489,not sexist
182,sexism2022_english-7307,not sexist
183,sexism2022_english-16538,not sexist
184,sexism2022_english-3712,not sexist
185,sexism2022_english-19132,sexist
186,sexism2022_english-18925,not sexist
187,sexism2022_english-2647,not sexist
188,sexism2022_english-6067,not sexist
189,sexism2022_english-14015,not sexist
190,sexism2022_english-1111,not sexist
191,sexism2022_english-2060,not sexist
192,sexism2022_english-3941,not sexist
193,sexism2022_english-16348,not sexist
194,sexism2022_english-8073,not sexist
195,sexism2022_english-3867,not sexist
196,sexism2022_english-16171,not sexist
197,sexism2022_english-8918,not sexist
198,sexism2022_english-7444,not sexist
199,sexism2022_english-18050,not sexist
200,sexism2022_english-11697,not sexist
201,sexism2022_english-17438,sexist
202,sexism2022_english-12017,not sexist
203,sexism2022_english-19387,not sexist
204,sexism2022_english-19946,not sexist
205,sexism2022_english-7619,not sexist
206,sexism2022_english-12216,not sexist
207,sexism2022_english-14069,not sexist
208,sexism2022_english-8567,not sexist
209,sexism2022_english-12361,not sexist
210,sexism2022_english-7535,not sexist
211,sexism2022_english-370,not sexist
212,sexism2022_english-15019,not sexist
213,sexism2022_english-6750,not sexist
214,sexism2022_english-1623,sexist
215,sexism2022_english-18165,not sexist
216,sexism2022_english-16942,not sexist
217,sexism2022_english-15848,not sexist
218,sexism2022_english-6254,not sexist
219,sexism2022_english-531,not sexist
220,sexism2022_english-8771,not sexist
221,sexism2022_english-9696,not sexist
222,sexism2022_english-11415,not sexist
223,sexism2022_english-1527,not sexist
224,sexism2022_english-8954,not sexist
225,sexism2022_english-6571,sexist
226,sexism2022_english-6050,not sexist
227,sexism2022_english-5877,not sexist
228,sexism2022_english-18847,not sexist
229,sexism2022_english-12181,not sexist
230,sexism2022_english-13715,not sexist
231,sexism2022_english-10276,sexist
232,sexism2022_english-10607,not sexist
233,sexism2022_english-14641,not sexist
234,sexism2022_english-18539,not sexist
235,sexism2022_english-4051,not sexist
236,sexism2022_english-6786,not sexist
237,sexism2022_english-15161,sexist
238,sexism2022_english-1569,not sexist
239,sexism2022_english-9492,not sexist
240,sexism2022_english-5589,not sexist
241,sexism2022_english-442,not sexist
242,sexism2022_english-17076,not sexist
243,sexism2022_english-19800,not sexist
244,sexism2022_english-9216,not sexist
245,sexism2022_english-2955,not sexist
246,sexism2022_english-15877,not sexist
247,sexism2022_english-9596,not sexist
248,sexism2022_english-6863,not sexist
249,sexism2022_english-9034,not sexist
250,sexism2022_english-7355,not sexist
251,sexism2022_english-18964,sexist
252,sexism2022_english-15942,sexist
253,sexism2022_english-7319,not sexist
254,sexism2022_english-6822,not sexist
255,sexism2022_english-9206,not sexist
256,sexism2022_english-392,sexist
257,sexism2022_english-19829,not sexist
258,sexism2022_english-13944,not sexist
259,sexism2022_english-9395,not sexist
260,sexism2022_english-6277,not sexist
261,sexism2022_english-15695,not sexist
262,sexism2022_english-3416,not sexist
263,sexism2022_english-7323,not sexist
264,sexism2022_english-9487,not sexist
265,sexism2022_english-18124,not sexist
266,sexism2022_english-5861,not sexist
267,sexism2022_english-5562,not sexist
268,sexism2022_english-13428,not sexist
269,sexism2022_english-15523,not sexist
270,sexism2022_english-6499,not sexist
271,sexism2022_english-11653,sexist
272,sexism2022_english-18664,not sexist
273,sexism2022_english-240,not sexist
274,sexism2022_english-10397,not sexist
275,sexism2022_english-3380,not sexist
276,sexism2022_english-14571,not sexist
277,sexism2022_english-17359,sexist
278,sexism2022_english-10075,not sexist
279,sexism2022_english-11707,not sexist
280,sexism2022_english-3049,not sexist
281,sexism2022_english-5612,not sexist
282,sexism2022_english-13516,not sexist
283,sexism2022_english-2267,not sexist
284,sexism2022_english-11685,not sexist
285,sexism2022_english-19704,not sexist
286,sexism2022_english-3891,not sexist
287,sexism2022_english-13387,sexist
288,sexism2022_english-7499,not sexist
289,sexism2022_english-11381,not sexist
290,sexism2022_english-3482,not sexist
291,sexism2022_english-8172,not sexist
292,sexism2022_english-12861,sexist
293,sexism2022_english-2072,not sexist
294,sexism2022_english-7836,not sexist
295,sexism2022_english-6082,sexist
296,sexism2022_english-1543,not sexist
297,sexism2022_english-11975,not sexist
298,sexism2022_english-9662,sexist
299,sexism2022_english-15919,not sexist
300,sexism2022_english-7379,not sexist
301,sexism2022_english-9028,not sexist
302,sexism2022_english-14394,not sexist
303,sexism2022_english-5544,not sexist
304,sexism2022_english-3341,not sexist
305,sexism2022_english-17497,not sexist
306,sexism2022_english-6614,not sexist
307,sexism2022_english-9758,not sexist
308,sexism2022_english-15698,not sexist
309,sexism2022_english-13191,not sexist
310,sexism2022_english-7725,not sexist
311,sexism2022_english-5217,not sexist
312,sexism2022_english-18934,not sexist
313,sexism2022_english-14690,not sexist
314,sexism2022_english-15322,not sexist
315,sexism2022_english-11802,not sexist
316,sexism2022_english-8563,not sexist
317,sexism2022_english-5745,not sexist
318,sexism2022_english-5110,not sexist
319,sexism2022_english-16574,not sexist
320,sexism2022_english-10478,not sexist
321,sexism2022_english-17315,not sexist
322,sexism2022_english-19790,not sexist
323,sexism2022_english-2504,sexist
324,sexism2022_english-3183,sexist
325,sexism2022_english-5059,not sexist
326,sexism2022_english-6257,not sexist
327,sexism2022_english-2593,not sexist
328,sexism2022_english-15791,not sexist
329,sexism2022_english-1566,not sexist
330,sexism2022_english-8387,not sexist
331,sexism2022_english-15002,not sexist
332,sexism2022_english-10251,not sexist
333,sexism2022_english-6003,not sexist
334,sexism2022_english-16422,not sexist
335,sexism2022_english-19537,not sexist
336,sexism2022_english-16377,not sexist
337,sexism2022_english-1073,not sexist
338,sexism2022_english-19492,not sexist
339,sexism2022_english-260,not sexist
340,sexism2022_english-250,not sexist
341,sexism2022_english-333,not sexist
342,sexism2022_english-5178,not sexist
343,sexism2022_english-18460,sexist
344,sexism2022_english-12237,not sexist
345,sexism2022_english-14961,not sexist
346,sexism2022_english-9838,not sexist
347,sexism2022_english-18040,not sexist
348,sexism2022_english-8248,not sexist
349,sexism2022_english-16741,not sexist
350,sexism2022_english-18504,not sexist
351,sexism2022_english-12542,not sexist
352,sexism2022_english-1654,not sexist
353,sexism2022_english-6855,not sexist
354,sexism2022_english-11238,not sexist
355,sexism2022_english-1615,sexist
356,sexism2022_english-17086,not sexist
357,sexism2022_english-13349,not sexist
358,sexism2022_english-3114,not sexist
359,sexism2022_english-2914,not sexist
360,sexism2022_english-10666,sexist
361,sexism2022_english-1197,not sexist
362,sexism2022_english-13068,not sexist
363,sexism2022_english-1384,not sexist
364,sexism2022_english-11545,not sexist
365,sexism2022_english-9933,not sexist
366,sexism2022_english-8714,not sexist
367,sexism2022_english-13276,not sexist
368,sexism2022_english-16701,not sexist
369,sexism2022_english-9516,not sexist
370,sexism2022_english-15082,not sexist
371,sexism2022_english-19567,not sexist
372,sexism2022_english-12131,not sexist
373,sexism2022_english-15269,not sexist
374,sexism2022_english-2059,not sexist
375,sexism2022_english-2759,not sexist
376,sexism2022_english-4759,not sexist
377,sexism2022_english-5542,not sexist
378,sexism2022_english-8205,not sexist
379,sexism2022_english-19026,not sexist
380,sexism2022_english-4533,not sexist
381,sexism2022_english-15958,not sexist
382,sexism2022_english-19428,not sexist
383,sexism2022_english-8598,not sexist
384,sexism2022_english-18322,not sexist
385,sexism2022_english-10951,not sexist
386,sexism2022_english-14348,not sexist
387,sexism2022_english-18125,not sexist
388,sexism2022_english-5409,not sexist
389,sexism2022_english-8615,not sexist
390,sexism2022_english-11024,not sexist
391,sexism2022_english-5347,not sexist
392,sexism2022_english-8797,not sexist
393,sexism2022_english-6986,not sexist
394,sexism2022_english-8565,not sexist
395,sexism2022_english-15065,not sexist
396,sexism2022_english-14327,not sexist
397,sexism2022_english-3675,not sexist
398,sexism2022_english-16843,not sexist
399,sexism2022_english-10149,not sexist
400,sexism2022_english-17037,sexist
401,sexism2022_english-3281,not sexist
402,sexism2022_english-150,not sexist
403,sexism2022_english-9839,not sexist
404,sexism2022_english-15696,sexist
405,sexism2022_english-970,not sexist
406,sexism2022_english-5608,not sexist
407,sexism2022_english-7915,sexist
408,sexism2022_english-12149,not sexist
409,sexism2022_english-5658,not sexist
410,sexism2022_english-17613,sexist
411,sexism2022_english-10925,sexist
412,sexism2022_english-9022,sexist
413,sexism2022_english-16561,not sexist
414,sexism2022_english-19422,not sexist
415,sexism2022_english-1123,not sexist
416,sexism2022_english-13657,not sexist
417,sexism2022_english-17269,not sexist
418,sexism2022_english-12873,not sexist
419,sexism2022_english-618,not sexist
420,sexism2022_english-10881,not sexist
421,sexism2022_english-15275,not sexist
422,sexism2022_english-7846,not sexist
423,sexism2022_english-13392,not sexist
424,sexism2022_english-1816,sexist
425,sexism2022_english-6249,not sexist
426,sexism2022_english-15113,not sexist
427,sexism2022_english-14965,not sexist
428,sexism2022_english-18977,not sexist
429,sexism2022_english-15688,not sexist
430,sexism2022_english-2803,not sexist
431,sexism2022_english-9255,sexist
432,sexism2022_english-13281,not sexist
433,sexism2022_english-3967,sexist
434,sexism2022_english-13592,not sexist
435,sexism2022_english-13608,not sexist
436,sexism2022_english-11416,sexist
437,sexism2022_english-2156,not sexist
438,sexism2022_english-2832,not sexist
439,sexism2022_english-15230,sexist
440,sexism2022_english-13937,sexist
441,sexism2022_english-1256,not sexist
442,sexism2022_english-2271,not sexist
443,sexism2022_english-7049,not sexist
444,sexism2022_english-14687,not sexist
445,sexism2022_english-12674,not sexist
446,sexism2022_english-6388,not sexist
447,sexism2022_english-6138,not sexist
448,sexism2022_english-9605,sexist
449,sexism2022_english-17486,not sexist
450,sexism2022_english-17521,not sexist
451,sexism2022_english-18498,not sexist
452,sexism2022_english-6929,not sexist
453,sexism2022_english-6046,not sexist
454,sexism2022_english-15721,not sexist
455,sexism2022_english-608,not sexist
456,sexism2022_english-9514,not sexist
457,sexism2022_english-12510,not sexist
458,sexism2022_english-8612,not sexist
459,sexism2022_english-7660,not sexist
460,sexism2022_english-12787,not sexist
461,sexism2022_english-6871,not sexist
462,sexism2022_english-14710,not sexist
463,sexism2022_english-158,not sexist
464,sexism2022_english-1861,not sexist
465,sexism2022_english-15039,not sexist
466,sexism2022_english-6752,not sexist
467,sexism2022_english-16146,not sexist
468,sexism2022_english-2324,not sexist
469,sexism2022_english-9393,sexist
470,sexism2022_english-7086,sexist
471,sexism2022_english-4383,not sexist
472,sexism2022_english-1293,not sexist
473,sexism2022_english-7503,not sexist
474,sexism2022_english-8066,not sexist
475,sexism2022_english-8545,not sexist
476,sexism2022_english-6370,not sexist
477,sexism2022_english-13412,not sexist
478,sexism2022_english-15153,not sexist
479,sexism2022_english-1239,not sexist
480,sexism2022_english-17990,not sexist
481,sexism2022_english-8363,not sexist
482,sexism2022_english-2592,not sexist
483,sexism2022_english-13595,sexist
484,sexism2022_english-17216,not sexist
485,sexism2022_english-7822,not sexist
486,sexism2022_english-4189,not sexist
487,sexism2022_english-17147,not sexist
488,sexism2022_english-11319,sexist
489,sexism2022_english-3776,not sexist
490,sexism2022_english-10198,sexist
491,sexism2022_english-9814,not sexist
492,sexism2022_english-10776,not sexist
493,sexism2022_english-10522,not sexist
494,sexism2022_english-16650,not sexist
495,sexism2022_english-50,sexist
496,sexism2022_english-18584,not sexist
497,sexism2022_english-11111,not sexist
498,sexism2022_english-6671,not sexist
499,sexism2022_english-8114,not sexist
500,sexism2022_english-8515,not sexist
501,sexism2022_english-15354,not sexist
502,sexism2022_english-9314,not sexist
503,sexism2022_english-10649,not sexist
504,sexism2022_english-1405,not sexist
505,sexism2022_english-3185,not sexist
506,sexism2022_english-1028,not sexist
507,sexism2022_english-3326,not sexist
508,sexism2022_english-4031,not sexist
509,sexism2022_english-601,not sexist
510,sexism2022_english-3243,sexist
511,sexism2022_english-11397,not sexist
512,sexism2022_english-581,not sexist
513,sexism2022_english-6426,not sexist
514,sexism2022_english-16811,not sexist
515,sexism2022_english-4691,not sexist
516,sexism2022_english-8852,not sexist
517,sexism2022_english-18376,not sexist
518,sexism2022_english-10898,not sexist
519,sexism2022_english-12782,not sexist
520,sexism2022_english-4123,not sexist
521,sexism2022_english-4003,not sexist
522,sexism2022_english-7648,not sexist
523,sexism2022_english-15132,not sexist
524,sexism2022_english-837,sexist
525,sexism2022_english-17261,not sexist
526,sexism2022_english-7795,not sexist
527,sexism2022_english-11998,not sexist
528,sexism2022_english-18466,not sexist
529,sexism2022_english-6695,not sexist
530,sexism2022_english-17034,not sexist
531,sexism2022_english-7955,not sexist
532,sexism2022_english-13406,not sexist
533,sexism2022_english-18171,not sexist
534,sexism2022_english-15674,not sexist
535,sexism2022_english-3840,not sexist
536,sexism2022_english-12879,sexist
537,sexism2022_english-4170,not sexist
538,sexism2022_english-3462,not sexist
539,sexism2022_english-13775,not sexist
540,sexism2022_english-252,not sexist
541,sexism2022_english-16188,not sexist
542,sexism2022_english-17202,not sexist
543,sexism2022_english-19112,not sexist
544,sexism2022_english-7502,sexist
545,sexism2022_english-1737,not sexist
546,sexism2022_english-16793,sexist
547,sexism2022_english-11727,not sexist
548,sexism2022_english-14381,not sexist
549,sexism2022_english-18651,not sexist
550,sexism2022_english-19496,sexist
551,sexism2022_english-5565,not sexist
552,sexism2022_english-18455,not sexist
553,sexism2022_english-14429,not sexist
554,sexism2022_english-14266,not sexist
555,sexism2022_english-11494,not sexist
556,sexism2022_english-12422,not sexist
557,sexism2022_english-15442,not sexist
558,sexism2022_english-5127,not sexist
559,sexism2022_english-15581,not sexist
560,sexism2022_english-7563,not sexist
561,sexism2022_english-7462,not sexist
562,sexism2022_english-7514,not sexist
563,sexism2022_english-11880,not sexist
564,sexism2022_english-16151,not sexist
565,sexism2022_english-1498,not sexist
566,sexism2022_english-17046,not sexist
567,sexism2022_english-2241,not sexist
568,sexism2022_english-10328,not sexist
569,sexism2022_english-19224,not sexist
570,sexism2022_english-13776,not sexist
571,sexism2022_english-13825,not sexist
572,sexism2022_english-11605,not sexist
573,sexism2022_english-605,not sexist
574,sexism2022_english-8611,not sexist
575,sexism2022_english-10847,sexist
576,sexism2022_english-16321,not sexist
577,sexism2022_english-797,not sexist
578,sexism2022_english-17731,not sexist
579,sexism2022_english-15490,not sexist
580,sexism2022_english-11567,not sexist
581,sexism2022_english-17771,not sexist
582,sexism2022_english-1105,not sexist
583,sexism2022_english-12968,not sexist
584,sexism2022_english-15859,not sexist
585,sexism2022_english-4297,not sexist
586,sexism2022_english-10008,not sexist
587,sexism2022_english-6301,not sexist
588,sexism2022_english-10090,not sexist
589,sexism2022_english-2056,not sexist
590,sexism2022_english-4491,not sexist
591,sexism2022_english-14522,not sexist
592,sexism2022_english-9736,not sexist
593,sexism2022_english-18374,not sexist
594,sexism2022_english-2517,not sexist
595,sexism2022_english-9183,not sexist
596,sexism2022_english-19057,not sexist
597,sexism2022_english-3809,not sexist
598,sexism2022_english-6,not sexist
599,sexism2022_english-14463,not sexist
600,sexism2022_english-16833,not sexist
601,sexism2022_english-14746,not sexist
602,sexism2022_english-555,not sexist
603,sexism2022_english-15268,not sexist
604,sexism2022_english-8896,not sexist
605,sexism2022_english-5568,not sexist
606,sexism2022_english-13059,sexist
607,sexism2022_english-2809,not sexist
608,sexism2022_english-11023,not sexist
609,sexism2022_english-15961,not sexist
610,sexism2022_english-3291,not sexist
611,sexism2022_english-1829,not sexist
612,sexism2022_english-6312,not sexist
613,sexism2022_english-4134,not sexist
614,sexism2022_english-6323,not sexist
615,sexism2022_english-12671,not sexist
616,sexism2022_english-14959,not sexist
617,sexism2022_english-17031,not sexist
618,sexism2022_english-8036,not sexist
619,sexism2022_english-12762,not sexist
620,sexism2022_english-4720,not sexist
621,sexism2022_english-1241,not sexist
622,sexism2022_english-7711,sexist
623,sexism2022_english-8682,not sexist
624,sexism2022_english-11601,not sexist
625,sexism2022_english-15263,not sexist
626,sexism2022_english-11721,not sexist
627,sexism2022_english-14530,not sexist
628,sexism2022_english-6394,not sexist
629,sexism2022_english-2458,not sexist
630,sexism2022_english-7927,not sexist
631,sexism2022_english-13795,not sexist
632,sexism2022_english-17327,not sexist
633,sexism2022_english-15127,not sexist
634,sexism2022_english-17967,not sexist
635,sexism2022_english-13982,not sexist
636,sexism2022_english-3269,not sexist
637,sexism2022_english-1221,not sexist
638,sexism2022_english-16178,not sexist
639,sexism2022_english-17634,not sexist
640,sexism2022_english-16202,not sexist
641,sexism2022_english-6838,not sexist
642,sexism2022_english-8342,not sexist
643,sexism2022_english-3556,not sexist
644,sexism2022_english-12040,not sexist
645,sexism2022_english-7479,not sexist
646,sexism2022_english-4977,not sexist
647,sexism2022_english-9063,not sexist
648,sexism2022_english-9196,not sexist
649,sexism2022_english-10609,not sexist
650,sexism2022_english-7587,not sexist
651,sexism2022_english-2491,sexist
652,sexism2022_english-17374,not sexist
653,sexism2022_english-8777,sexist
654,sexism2022_english-14812,not sexist
655,sexism2022_english-4955,not sexist
656,sexism2022_english-4447,not sexist
657,sexism2022_english-13437,not sexist
658,sexism2022_english-4909,not sexist
659,sexism2022_english-2183,not sexist
660,sexism2022_english-18251,not sexist
661,sexism2022_english-3992,not sexist
662,sexism2022_english-17655,not sexist
663,sexism2022_english-11423,not sexist
664,sexism2022_english-19040,not sexist
665,sexism2022_english-1019,not sexist
666,sexism2022_english-13707,not sexist
667,sexism2022_english-6569,not sexist
668,sexism2022_english-4428,not sexist
669,sexism2022_english-5057,not sexist
670,sexism2022_english-6379,not sexist
671,sexism2022_english-7568,sexist
672,sexism2022_english-19668,not sexist
673,sexism2022_english-3959,not sexist
674,sexism2022_english-9483,not sexist
675,sexism2022_english-8120,not sexist
676,sexism2022_english-10725,not sexist
677,sexism2022_english-904,sexist
678,sexism2022_english-7517,not sexist
679,sexism2022_english-11006,not sexist
680,sexism2022_english-16441,not sexist
681,sexism2022_english-9446,not sexist
682,sexism2022_english-16059,not sexist
683,sexism2022_english-8697,sexist
684,sexism2022_english-9416,sexist
685,sexism2022_english-9628,not sexist
686,sexism2022_english-905,not sexist
687,sexism2022_english-1545,not sexist
688,sexism2022_english-11103,not sexist
689,sexism2022_english-16104,sexist
690,sexism2022_english-16459,not sexist
691,sexism2022_english-7271,not sexist
692,sexism2022_english-12459,sexist
693,sexism2022_english-3452,not sexist
694,sexism2022_english-9669,not sexist
695,sexism2022_english-4240,not sexist
696,sexism2022_english-2813,not sexist
697,sexism2022_english-6366,sexist
698,sexism2022_english-8782,not sexist
699,sexism2022_english-14452,not sexist
700,sexism2022_english-13727,not sexist
701,sexism2022_english-9752,not sexist
702,sexism2022_english-2774,not sexist
703,sexism2022_english-9917,not sexist
704,sexism2022_english-19173,not sexist
705,sexism2022_english-18479,not sexist
706,sexism2022_english-14677,not sexist
707,sexism2022_english-4251,not sexist
708,sexism2022_english-6839,not sexist
709,sexism2022_english-19632,not sexist
710,sexism2022_english-18595,not sexist
711,sexism2022_english-11978,sexist
712,sexism2022_english-10671,sexist
713,sexism2022_english-1865,not sexist
714,sexism2022_english-3626,sexist
715,sexism2022_english-2111,not sexist
716,sexism2022_english-6701,not sexist
717,sexism2022_english-5984,not sexist
718,sexism2022_english-14195,not sexist
719,sexism2022_english-3154,not sexist
720,sexism2022_english-4619,not sexist
721,sexism2022_english-17220,not sexist
722,sexism2022_english-19100,not sexist
723,sexism2022_english-10323,sexist
724,sexism2022_english-3654,not sexist
725,sexism2022_english-19826,not sexist
726,sexism2022_english-708,not sexist
727,sexism2022_english-14194,not sexist
728,sexism2022_english-17425,not sexist
729,sexism2022_english-9197,not sexist
730,sexism2022_english-12311,sexist
731,sexism2022_english-6866,sexist
732,sexism2022_english-7056,not sexist
733,sexism2022_english-4387,not sexist
734,sexism2022_english-14821,not sexist
735,sexism2022_english-17639,sexist
736,sexism2022_english-15994,not sexist
737,sexism2022_english-987,not sexist
738,sexism2022_english-8520,not sexist
739,sexism2022_english-18980,not sexist
740,sexism2022_english-4723,not sexist
741,sexism2022_english-567,not sexist
742,sexism2022_english-12495,not sexist
743,sexism2022_english-15313,not sexist
744,sexism2022_english-11587,not sexist
745,sexism2022_english-583,not sexist
746,sexism2022_english-18312,not sexist
747,sexism2022_english-11072,not sexist
748,sexism2022_english-2898,not sexist
749,sexism2022_english-8542,not sexist
750,sexism2022_english-5146,not sexist
751,sexism2022_english-5210,not sexist
752,sexism2022_english-15947,not sexist
753,sexism2022_english-14844,not sexist
754,sexism2022_english-1434,not sexist
755,sexism2022_english-17522,not sexist
756,sexism2022_english-11236,not sexist
757,sexism2022_english-15324,not sexist
758,sexism2022_english-6006,not sexist
759,sexism2022_english-16053,not sexist
760,sexism2022_english-6471,not sexist
761,sexism2022_english-6558,not sexist
762,sexism2022_english-13373,not sexist
763,sexism2022_english-1458,not sexist
764,sexism2022_english-12566,sexist
765,sexism2022_english-18447,not sexist
766,sexism2022_english-8729,not sexist
767,sexism2022_english-3580,sexist
768,sexism2022_english-9083,not sexist
769,sexism2022_english-19379,not sexist
770,sexism2022_english-4891,not sexist
771,sexism2022_english-6734,sexist
772,sexism2022_english-8764,not sexist
773,sexism2022_english-19165,not sexist
774,sexism2022_english-15376,not sexist
775,sexism2022_english-12029,not sexist
776,sexism2022_english-4931,not sexist
777,sexism2022_english-15099,not sexist
778,sexism2022_english-1005,not sexist
779,sexism2022_english-12974,sexist
780,sexism2022_english-2387,not sexist
781,sexism2022_english-15168,not sexist
782,sexism2022_english-15063,not sexist
783,sexism2022_english-13605,not sexist
784,sexism2022_english-19158,not sexist
785,sexism2022_english-15801,not sexist
786,sexism2022_english-15576,not sexist
787,sexism2022_english-5978,sexist
788,sexism2022_english-9268,not sexist
789,sexism2022_english-2711,not sexist
790,sexism2022_english-6447,not sexist
791,sexism2022_english-5450,not sexist
792,sexism2022_english-227,not sexist
793,sexism2022_english-3303,not sexist
794,sexism2022_english-2401,not sexist
795,sexism2022_english-7044,not sexist
796,sexism2022_english-15503,not sexist
797,sexism2022_english-8121,not sexist
798,sexism2022_english-10133,sexist
799,sexism2022_english-12041,sexist
800,sexism2022_english-16416,not sexist
801,sexism2022_english-3122,not sexist
802,sexism2022_english-12314,sexist
803,sexism2022_english-445,not sexist
804,sexism2022_english-15274,not sexist
805,sexism2022_english-18077,not sexist
806,sexism2022_english-1493,not sexist
807,sexism2022_english-16618,sexist
808,sexism2022_english-13164,not sexist
809,sexism2022_english-2440,sexist
810,sexism2022_english-3290,not sexist
811,sexism2022_english-18092,not sexist
812,sexism2022_english-14121,not sexist
813,sexism2022_english-4699,not sexist
814,sexism2022_english-13849,sexist
815,sexism2022_english-7412,not sexist
816,sexism2022_english-14468,not sexist
817,sexism2022_english-3650,not sexist
818,sexism2022_english-16063,not sexist
819,sexism2022_english-1697,not sexist
820,sexism2022_english-1074,not sexist
821,sexism2022_english-14631,not sexist
822,sexism2022_english-6371,not sexist
823,sexism2022_english-7969,not sexist
824,sexism2022_english-14139,not sexist
825,sexism2022_english-9459,not sexist
826,sexism2022_english-671,not sexist
827,sexism2022_english-5150,not sexist
828,sexism2022_english-12823,not sexist
829,sexism2022_english-13233,not sexist
830,sexism2022_english-1575,not sexist
831,sexism2022_english-16276,not sexist
832,sexism2022_english-4222,sexist
833,sexism2022_english-3383,not sexist
834,sexism2022_english-13119,not sexist
835,sexism2022_english-13975,not sexist
836,sexism2022_english-4409,not sexist
837,sexism2022_english-19254,not sexist
838,sexism2022_english-8883,not sexist
839,sexism2022_english-9644,not sexist
840,sexism2022_english-5520,not sexist
841,sexism2022_english-16590,not sexist
842,sexism2022_english-704,not sexist
843,sexism2022_english-1683,not sexist
844,sexism2022_english-15188,not sexist
845,sexism2022_english-11649,sexist
846,sexism2022_english-5549,not sexist
847,sexism2022_english-6985,not sexist
848,sexism2022_english-9659,not sexist
849,sexism2022_english-4331,not sexist
850,sexism2022_english-12728,not sexist
851,sexism2022_english-667,not sexist
852,sexism2022_english-8413,not sexist
853,sexism2022_english-3748,not sexist
854,sexism2022_english-10030,not sexist
855,sexism2022_english-17847,not sexist
856,sexism2022_english-11561,not sexist
857,sexism2022_english-8555,not sexist
858,sexism2022_english-19186,not sexist
859,sexism2022_english-3996,not sexist
860,sexism2022_english-17748,not sexist
861,sexism2022_english-8902,not sexist
862,sexism2022_english-749,not sexist
863,sexism2022_english-8666,not sexist
864,sexism2022_english-15949,not sexist
865,sexism2022_english-19525,not sexist
866,sexism2022_english-14575,not sexist
867,sexism2022_english-8497,not sexist
868,sexism2022_english-16974,not sexist
869,sexism2022_english-13397,not sexist
870,sexism2022_english-9311,not sexist
871,sexism2022_english-8544,not sexist
872,sexism2022_english-8550,not sexist
873,sexism2022_english-11233,not sexist
874,sexism2022_english-3354,not sexist
875,sexism2022_english-11128,not sexist
876,sexism2022_english-14100,not sexist
877,sexism2022_english-7776,not sexist
878,sexism2022_english-325,not sexist
879,sexism2022_english-9552,not sexist
880,sexism2022_english-17279,not sexist
881,sexism2022_english-9627,not sexist
882,sexism2022_english-10791,not sexist
883,sexism2022_english-8372,not sexist
884,sexism2022_english-5901,not sexist
885,sexism2022_english-9812,not sexist
886,sexism2022_english-13424,not sexist
887,sexism2022_english-11597,not sexist
888,sexism2022_english-19493,not sexist
889,sexism2022_english-9070,not sexist
890,sexism2022_english-2338,not sexist
891,sexism2022_english-5650,not sexist
892,sexism2022_english-16531,not sexist
893,sexism2022_english-9942,not sexist
894,sexism2022_english-13118,not sexist
895,sexism2022_english-18816,not sexist
896,sexism2022_english-12129,not sexist
897,sexism2022_english-13862,not sexist
898,sexism2022_english-19731,not sexist
899,sexism2022_english-16015,not sexist
900,sexism2022_english-7275,not sexist
901,sexism2022_english-10612,not sexist
902,sexism2022_english-5386,not sexist
903,sexism2022_english-15817,not sexist
904,sexism2022_english-9,not sexist
905,sexism2022_english-17245,not sexist
906,sexism2022_english-5445,not sexist
907,sexism2022_english-13723,not sexist
908,sexism2022_english-18707,not sexist
909,sexism2022_english-19423,not sexist
910,sexism2022_english-5305,not sexist
911,sexism2022_english-1693,not sexist
912,sexism2022_english-4956,not sexist
913,sexism2022_english-19678,not sexist
914,sexism2022_english-6538,not sexist
915,sexism2022_english-1213,not sexist
916,sexism2022_english-12833,sexist
917,sexism2022_english-10845,not sexist
918,sexism2022_english-110,not sexist
919,sexism2022_english-11875,not sexist
920,sexism2022_english-5004,not sexist
921,sexism2022_english-9108,not sexist
922,sexism2022_english-13416,not sexist
923,sexism2022_english-3723,not sexist
924,sexism2022_english-19301,not sexist
925,sexism2022_english-4821,not sexist
926,sexism2022_english-19164,not sexist
927,sexism2022_english-1031,not sexist
928,sexism2022_english-13129,not sexist
929,sexism2022_english-15388,not sexist
930,sexism2022_english-16933,not sexist
931,sexism2022_english-10863,not sexist
932,sexism2022_english-17572,not sexist
933,sexism2022_english-14932,not sexist
934,sexism2022_english-5253,not sexist
935,sexism2022_english-9114,not sexist
936,sexism2022_english-18344,not sexist
937,sexism2022_english-15193,not sexist
938,sexism2022_english-7827,not sexist
939,sexism2022_english-8456,not sexist
940,sexism2022_english-16074,not sexist
941,sexism2022_english-9112,not sexist
942,sexism2022_english-6184,not sexist
943,sexism2022_english-17791,not sexist
944,sexism2022_english-14353,not sexist
945,sexism2022_english-4270,not sexist
946,sexism2022_english-18647,not sexist
947,sexism2022_english-11229,not sexist
948,sexism2022_english-17724,not sexist
949,sexism2022_english-19300,sexist
950,sexism2022_english-3405,sexist
951,sexism2022_english-8415,not sexist
952,sexism2022_english-2316,not sexist
953,sexism2022_english-5903,sexist
954,sexism2022_english-2086,not sexist
955,sexism2022_english-16069,sexist
956,sexism2022_english-19659,not sexist
957,sexism2022_english-16424,not sexist
958,sexism2022_english-4385,not sexist
959,sexism2022_english-5292,not sexist
960,sexism2022_english-2925,not sexist
961,sexism2022_english-7705,not sexist
962,sexism2022_english-6036,not sexist
963,sexism2022_english-8132,not sexist
964,sexism2022_english-8997,not sexist
965,sexism2022_english-18042,sexist
966,sexism2022_english-540,not sexist
967,sexism2022_english-18310,not sexist
968,sexism2022_english-15228,not sexist
969,sexism2022_english-4587,not sexist
970,sexism2022_english-14826,not sexist
971,sexism2022_english-3946,not sexist
972,sexism2022_english-6009,not sexist
973,sexism2022_english-9357,not sexist
974,sexism2022_english-5492,sexist
975,sexism2022_english-10459,not sexist
976,sexism2022_english-13759,not sexist
977,sexism2022_english-14680,not sexist
978,sexism2022_english-11137,not sexist
979,sexism2022_english-7861,not sexist
980,sexism2022_english-17244,not sexist
981,sexism2022_english-10156,not sexist
982,sexism2022_english-15206,not sexist
983,sexism2022_english-7683,not sexist
984,sexism2022_english-10953,not sexist
985,sexism2022_english-9071,not sexist
986,sexism2022_english-14262,not sexist
987,sexism2022_english-13622,not sexist
988,sexism2022_english-3044,not sexist
989,sexism2022_english-16386,not sexist
990,sexism2022_english-7344,not sexist
991,sexism2022_english-2808,not sexist
992,sexism2022_english-15086,not sexist
993,sexism2022_english-12660,not sexist
994,sexism2022_english-19515,not sexist
995,sexism2022_english-13123,not sexist
996,sexism2022_english-19108,not sexist
997,sexism2022_english-55,not sexist
998,sexism2022_english-9101,not sexist
999,sexism2022_english-18157,sexist
1000,sexism2022_english-11723,not sexist
1001,sexism2022_english-13353,not sexist
1002,sexism2022_english-11261,not sexist
1003,sexism2022_english-5231,not sexist
1004,sexism2022_english-16841,not sexist
1005,sexism2022_english-10642,not sexist
1006,sexism2022_english-7857,not sexist
1007,sexism2022_english-16083,not sexist
1008,sexism2022_english-11793,not sexist
1009,sexism2022_english-12401,sexist
1010,sexism2022_english-12859,not sexist
1011,sexism2022_english-9504,not sexist
1012,sexism2022_english-17862,sexist
1013,sexism2022_english-12904,sexist
1014,sexism2022_english-19275,not sexist
1015,sexism2022_english-7886,not sexist
1016,sexism2022_english-9104,not sexist
1017,sexism2022_english-5312,not sexist
1018,sexism2022_english-13845,not sexist
1019,sexism2022_english-10874,not sexist
1020,sexism2022_english-4057,sexist
1021,sexism2022_english-12522,not sexist
1022,sexism2022_english-18936,not sexist
1023,sexism2022_english-5636,not sexist
1024,sexism2022_english-7609,not sexist
1025,sexism2022_english-14858,not sexist
1026,sexism2022_english-5342,not sexist
1027,sexism2022_english-7867,not sexist
1028,sexism2022_english-1583,not sexist
1029,sexism2022_english-19774,not sexist
1030,sexism2022_english-19975,not sexist
1031,sexism2022_english-12701,not sexist
1032,sexism2022_english-14017,not sexist
1033,sexism2022_english-17794,not sexist
1034,sexism2022_english-18937,not sexist
1035,sexism2022_english-14078,not sexist
1036,sexism2022_english-5960,not sexist
1037,sexism2022_english-8558,not sexist
1038,sexism2022_english-7550,not sexist
1039,sexism2022_english-2439,not sexist
1040,sexism2022_english-8194,sexist
1041,sexism2022_english-3372,not sexist
1042,sexism2022_english-8311,not sexist
1043,sexism2022_english-15510,not sexist
1044,sexism2022_english-12419,not sexist
1045,sexism2022_english-18740,sexist
1046,sexism2022_english-6645,not sexist
1047,sexism2022_english-1307,not sexist
1048,sexism2022_english-15869,not sexist
1049,sexism2022_english-2554,not sexist
1050,sexism2022_english-764,not sexist
1051,sexism2022_english-6547,not sexist
1052,sexism2022_english-18927,sexist
1053,sexism2022_english-13942,not sexist
1054,sexism2022_english-4128,not sexist
1055,sexism2022_english-16289,not sexist
1056,sexism2022_english-14717,not sexist
1057,sexism2022_english-17456,not sexist
1058,sexism2022_english-1777,not sexist
1059,sexism2022_english-6672,not sexist
1060,sexism2022_english-13268,not sexist
1061,sexism2022_english-18794,not sexist
1062,sexism2022_english-1715,not sexist
1063,sexism2022_english-10978,not sexist
1064,sexism2022_english-7018,not sexist
1065,sexism2022_english-17112,not sexist
1066,sexism2022_english-11151,not sexist
1067,sexism2022_english-17157,not sexist
1068,sexism2022_english-10188,not sexist
1069,sexism2022_english-12478,sexist
1070,sexism2022_english-6676,not sexist
1071,sexism2022_english-4368,not sexist
1072,sexism2022_english-1537,sexist
1073,sexism2022_english-3569,not sexist
1074,sexism2022_english-1186,not sexist
1075,sexism2022_english-19841,sexist
1076,sexism2022_english-1793,not sexist
1077,sexism2022_english-7557,not sexist
1078,sexism2022_english-12670,not sexist
1079,sexism2022_english-752,not sexist
1080,sexism2022_english-156,not sexist
1081,sexism2022_english-1705,not sexist
1082,sexism2022_english-11881,not sexist
1083,sexism2022_english-17629,not sexist
1084,sexism2022_english-10550,not sexist
1085,sexism2022_english-6536,not sexist
1086,sexism2022_english-2036,not sexist
1087,sexism2022_english-849,not sexist
1088,sexism2022_english-16586,not sexist
1089,sexism2022_english-11988,not sexist
1090,sexism2022_english-15812,not sexist
1091,sexism2022_english-14393,not sexist
1092,sexism2022_english-15915,sexist
1093,sexism2022_english-5949,not sexist
1094,sexism2022_english-12232,not sexist
1095,sexism2022_english-3253,not sexist
1096,sexism2022_english-13844,not sexist
1097,sexism2022_english-11643,not sexist
1098,sexism2022_english-3391,not sexist
1099,sexism2022_english-454,not sexist
1100,sexism2022_english-825,not sexist
1101,sexism2022_english-16878,not sexist
1102,sexism2022_english-5399,not sexist
1103,sexism2022_english-12791,not sexist
1104,sexism2022_english-9919,not sexist
1105,sexism2022_english-14999,not sexist
1106,sexism2022_english-16705,not sexist
1107,sexism2022_english-108,sexist
1108,sexism2022_english-12175,not sexist
1109,sexism2022_english-9519,sexist
1110,sexism2022_english-8131,not sexist
1111,sexism2022_english-16504,sexist
1112,sexism2022_english-18520,not sexist
1113,sexism2022_english-4564,not sexist
1114,sexism2022_english-12296,not sexist
1115,sexism2022_english-1103,not sexist
1116,sexism2022_english-8186,not sexist
1117,sexism2022_english-7288,sexist
1118,sexism2022_english-15430,not sexist
1119,sexism2022_english-8475,not sexist
1120,sexism2022_english-9408,not sexist
1121,sexism2022_english-3289,not sexist
1122,sexism2022_english-8003,not sexist
1123,sexism2022_english-15700,not sexist
1124,sexism2022_english-13732,sexist
1125,sexism2022_english-11278,not sexist
1126,sexism2022_english-1475,sexist
1127,sexism2022_english-7506,not sexist
1128,sexism2022_english-4664,not sexist
1129,sexism2022_english-17864,not sexist
1130,sexism2022_english-602,not sexist
1131,sexism2022_english-3773,not sexist
1132,sexism2022_english-2332,not sexist
1133,sexism2022_english-3549,not sexist
1134,sexism2022_english-520,not sexist
1135,sexism2022_english-1362,not sexist
1136,sexism2022_english-14420,not sexist
1137,sexism2022_english-10992,not sexist
1138,sexism2022_english-6260,not sexist
1139,sexism2022_english-9778,sexist
1140,sexism2022_english-1341,not sexist
1141,sexism2022_english-14930,sexist
1142,sexism2022_english-5279,not sexist
1143,sexism2022_english-17807,not sexist
1144,sexism2022_english-12032,not sexist
1145,sexism2022_english-19760,sexist
1146,sexism2022_english-10682,not sexist
1147,sexism2022_english-15701,not sexist
1148,sexism2022_english-19415,not sexist
1149,sexism2022_english-19207,not sexist
1150,sexism2022_english-9528,sexist
1151,sexism2022_english-5674,not sexist
1152,sexism2022_english-14487,not sexist
1153,sexism2022_english-15273,sexist
1154,sexism2022_english-17993,not sexist
1155,sexism2022_english-11190,not sexist
1156,sexism2022_english-19836,not sexist
1157,sexism2022_english-5408,not sexist
1158,sexism2022_english-14291,not sexist
1159,sexism2022_english-3546,not sexist
1160,sexism2022_english-2027,not sexist
1161,sexism2022_english-2240,not sexist
1162,sexism2022_english-12094,not sexist
1163,sexism2022_english-11051,not sexist
1164,sexism2022_english-1815,not sexist
1165,sexism2022_english-5631,not sexist
1166,sexism2022_english-1562,sexist
1167,sexism2022_english-14325,not sexist
1168,sexism2022_english-15891,not sexist
1169,sexism2022_english-1403,not sexist
1170,sexism2022_english-4117,not sexist
1171,sexism2022_english-17287,sexist
1172,sexism2022_english-7831,not sexist
1173,sexism2022_english-16952,not sexist
1174,sexism2022_english-14389,not sexist
1175,sexism2022_english-16273,not sexist
1176,sexism2022_english-1232,not sexist
1177,sexism2022_english-16713,sexist
1178,sexism2022_english-8967,not sexist
1179,sexism2022_english-1162,not sexist
1180,sexism2022_english-9221,not sexist
1181,sexism2022_english-19549,not sexist
1182,sexism2022_english-795,not sexist
1183,sexism2022_english-2103,not sexist
1184,sexism2022_english-11825,sexist
1185,sexism2022_english-3834,not sexist
1186,sexism2022_english-13400,not sexist
1187,sexism2022_english-4503,not sexist
1188,sexism2022_english-1657,not sexist
1189,sexism2022_english-17686,not sexist
1190,sexism2022_english-13787,not sexist
1191,sexism2022_english-6654,not sexist
1192,sexism2022_english-9890,not sexist
1193,sexism2022_english-13579,not sexist
1194,sexism2022_english-14707,not sexist
1195,sexism2022_english-9384,not sexist
1196,sexism2022_english-363,not sexist
1197,sexism2022_english-11315,not sexist
1198,sexism2022_english-4379,not sexist
1199,sexism2022_english-7054,not sexist
1200,sexism2022_english-1980,not sexist
1201,sexism2022_english-6537,not sexist
1202,sexism2022_english-6596,not sexist
1203,sexism2022_english-15874,not sexist
1204,sexism2022_english-18368,not sexist
1205,sexism2022_english-13627,not sexist
1206,sexism2022_english-14729,not sexist
1207,sexism2022_english-19408,sexist
1208,sexism2022_english-8412,not sexist
1209,sexism2022_english-16122,not sexist
1210,sexism2022_english-4713,not sexist
1211,sexism2022_english-13230,not sexist
1212,sexism2022_english-3373,not sexist
1213,sexism2022_english-19590,not sexist
1214,sexism2022_english-15470,not sexist
1215,sexism2022_english-14414,not sexist
1216,sexism2022_english-1881,sexist
1217,sexism2022_english-18781,not sexist
1218,sexism2022_english-966,not sexist
1219,sexism2022_english-6119,not sexist
1220,sexism2022_english-7091,not sexist
1221,sexism2022_english-14894,not sexist
1222,sexism2022_english-19746,not sexist
1223,sexism2022_english-11357,not sexist
1224,sexism2022_english-10463,not sexist
1225,sexism2022_english-8686,not sexist
1226,sexism2022_english-19612,not sexist
1227,sexism2022_english-2842,not sexist
1228,sexism2022_english-5779,not sexist
1229,sexism2022_english-9686,not sexist
1230,sexism2022_english-8226,not sexist
1231,sexism2022_english-15025,not sexist
1232,sexism2022_english-13009,not sexist
1233,sexism2022_english-8105,not sexist
1234,sexism2022_english-4072,not sexist
1235,sexism2022_english-16179,not sexist
1236,sexism2022_english-3006,not sexist
1237,sexism2022_english-525,not sexist
1238,sexism2022_english-16819,not sexist
1239,sexism2022_english-7810,not sexist
1240,sexism2022_english-12570,not sexist
1241,sexism2022_english-10616,sexist
1242,sexism2022_english-958,not sexist
1243,sexism2022_english-17312,not sexist
1244,sexism2022_english-8258,not sexist
1245,sexism2022_english-16684,not sexist
1246,sexism2022_english-18265,not sexist
1247,sexism2022_english-14660,not sexist
1248,sexism2022_english-18199,not sexist
1249,sexism2022_english-639,not sexist
1250,sexism2022_english-11186,not sexist
1251,sexism2022_english-890,sexist
1252,sexism2022_english-16876,sexist
1253,sexism2022_english-7452,not sexist
1254,sexism2022_english-13036,not sexist
1255,sexism2022_english-9791,not sexist
1256,sexism2022_english-7632,sexist
1257,sexism2022_english-7278,not sexist
1258,sexism2022_english-547,not sexist
1259,sexism2022_english-2443,not sexist
1260,sexism2022_english-672,not sexist
1261,sexism2022_english-1171,not sexist
1262,sexism2022_english-13062,not sexist
1263,sexism2022_english-8970,not sexist
1264,sexism2022_english-9056,not sexist
1265,sexism2022_english-7944,not sexist
1266,sexism2022_english-8910,not sexist
1267,sexism2022_english-15304,not sexist
1268,sexism2022_english-11070,sexist
1269,sexism2022_english-2287,not sexist
1270,sexism2022_english-1168,not sexist
1271,sexism2022_english-6430,not sexist
1272,sexism2022_english-5683,not sexist
1273,sexism2022_english-464,not sexist
1274,sexism2022_english-5039,not sexist
1275,sexism2022_english-17437,not sexist
1276,sexism2022_english-14644,not sexist
1277,sexism2022_english-18420,not sexist
1278,sexism2022_english-480,not sexist
1279,sexism2022_english-15333,not sexist
1280,sexism2022_english-14477,sexist
1281,sexism2022_english-19521,not sexist
1282,sexism2022_english-7936,not sexist
1283,sexism2022_english-16660,sexist
1284,sexism2022_english-1441,not sexist
1285,sexism2022_english-10312,not sexist
1286,sexism2022_english-6723,not sexist
1287,sexism2022_english-1355,not sexist
1288,sexism2022_english-923,not sexist
1289,sexism2022_english-9252,not sexist
1290,sexism2022_english-4050,not sexist
1291,sexism2022_english-12551,not sexist
1292,sexism2022_english-12949,not sexist
1293,sexism2022_english-6076,not sexist
1294,sexism2022_english-7473,not sexist
1295,sexism2022_english-15279,not sexist
1296,sexism2022_english-15635,not sexist
1297,sexism2022_english-16630,not sexist
1298,sexism2022_english-15660,not sexist
1299,sexism2022_english-225,not sexist
1300,sexism2022_english-17264,not sexist
1301,sexism2022_english-2922,not sexist
1302,sexism2022_english-5859,not sexist
1303,sexism2022_english-19420,not sexist
1304,sexism2022_english-4852,not sexist
1305,sexism2022_english-11813,not sexist
1306,sexism2022_english-7433,not sexist
1307,sexism2022_english-2952,not sexist
1308,sexism2022_english-452,not sexist
1309,sexism2022_english-1894,not sexist
1310,sexism2022_english-8837,not sexist
1311,sexism2022_english-93,not sexist
1312,sexism2022_english-8273,not sexist
1313,sexism2022_english-14455,not sexist
1314,sexism2022_english-8477,not sexist
1315,sexism2022_english-12795,not sexist
1316,sexism2022_english-16587,not sexist
1317,sexism2022_english-7909,not sexist
1318,sexism2022_english-5477,not sexist
1319,sexism2022_english-7369,not sexist
1320,sexism2022_english-5050,sexist
1321,sexism2022_english-18410,not sexist
1322,sexism2022_english-16282,not sexist
1323,sexism2022_english-7150,not sexist
1324,sexism2022_english-13941,not sexist
1325,sexism2022_english-9379,sexist
1326,sexism2022_english-5474,sexist
1327,sexism2022_english-18013,not sexist
1328,sexism2022_english-2557,not sexist
1329,sexism2022_english-5991,not sexist
1330,sexism2022_english-207,not sexist
1331,sexism2022_english-643,not sexist
1332,sexism2022_english-12140,not sexist
1333,sexism2022_english-4806,not sexist
1334,sexism2022_english-5519,not sexist
1335,sexism2022_english-14154,not sexist
1336,sexism2022_english-10781,not sexist
1337,sexism2022_english-771,not sexist
1338,sexism2022_english-12305,not sexist
1339,sexism2022_english-10217,not sexist
1340,sexism2022_english-10807,not sexist
1341,sexism2022_english-13932,not sexist
1342,sexism2022_english-621,not sexist
1343,sexism2022_english-3662,not sexist
1344,sexism2022_english-11560,not sexist
1345,sexism2022_english-18456,not sexist
1346,sexism2022_english-2819,not sexist
1347,sexism2022_english-7973,not sexist
1348,sexism2022_english-16230,not sexist
1349,sexism2022_english-11732,not sexist
1350,sexism2022_english-12591,not sexist
1351,sexism2022_english-19194,sexist
1352,sexism2022_english-13499,not sexist
1353,sexism2022_english-3997,not sexist
1354,sexism2022_english-19156,not sexist
1355,sexism2022_english-10310,not sexist
1356,sexism2022_english-16161,not sexist
1357,sexism2022_english-4151,not sexist
1358,sexism2022_english-1985,not sexist
1359,sexism2022_english-13743,not sexist
1360,sexism2022_english-5966,not sexist
1361,sexism2022_english-8215,not sexist
1362,sexism2022_english-13835,not sexist
1363,sexism2022_english-17670,not sexist
1364,sexism2022_english-7306,not sexist
1365,sexism2022_english-1143,not sexist
1366,sexism2022_english-12992,not sexist
1367,sexism2022_english-19124,not sexist
1368,sexism2022_english-9464,not sexist
1369,sexism2022_english-6926,not sexist
1370,sexism2022_english-1530,not sexist
1371,sexism2022_english-14753,not sexist
1372,sexism2022_english-5143,not sexist
1373,sexism2022_english-9903,sexist
1374,sexism2022_english-13965,not sexist
1375,sexism2022_english-9892,not sexist
1376,sexism2022_english-17823,not sexist
1377,sexism2022_english-19256,not sexist
1378,sexism2022_english-19416,not sexist
1379,sexism2022_english-10779,not sexist
1380,sexism2022_english-12562,not sexist
1381,sexism2022_english-11855,sexist
1382,sexism2022_english-18174,sexist
1383,sexism2022_english-18896,not sexist
1384,sexism2022_english-1237,not sexist
1385,sexism2022_english-12005,not sexist
1386,sexism2022_english-1579,not sexist
1387,sexism2022_english-16237,not sexist
1388,sexism2022_english-8743,not sexist
1389,sexism2022_english-8670,not sexist
1390,sexism2022_english-16131,not sexist
1391,sexism2022_english-15395,not sexist
1392,sexism2022_english-12946,not sexist
1393,sexism2022_english-4946,not sexist
1394,sexism2022_english-4700,not sexist
1395,sexism2022_english-3471,not sexist
1396,sexism2022_english-8999,sexist
1397,sexism2022_english-7347,not sexist
1398,sexism2022_english-10160,not sexist
1399,sexism2022_english-15563,not sexist
1400,sexism2022_english-16006,not sexist
1401,sexism2022_english-9924,not sexist
1402,sexism2022_english-15840,not sexist
1403,sexism2022_english-1085,not sexist
1404,sexism2022_english-11386,not sexist
1405,sexism2022_english-14967,not sexist
1406,sexism2022_english-7204,not sexist
1407,sexism2022_english-8007,not sexist
1408,sexism2022_english-12601,not sexist
1409,sexism2022_english-13686,sexist
1410,sexism2022_english-14451,not sexist
1411,sexism2022_english-19303,not sexist
1412,sexism2022_english-18745,sexist
1413,sexism2022_english-246,not sexist
1414,sexism2022_english-16351,not sexist
1415,sexism2022_english-7942,not sexist
1416,sexism2022_english-4168,not sexist
1417,sexism2022_english-15676,not sexist
1418,sexism2022_english-11302,not sexist
1419,sexism2022_english-18857,not sexist
1420,sexism2022_english-7991,not sexist
1421,sexism2022_english-19787,not sexist
1422,sexism2022_english-6661,sexist
1423,sexism2022_english-18311,not sexist
1424,sexism2022_english-17852,not sexist
1425,sexism2022_english-11089,not sexist
1426,sexism2022_english-5737,not sexist
1427,sexism2022_english-19405,not sexist
1428,sexism2022_english-15706,not sexist
1429,sexism2022_english-1318,not sexist
1430,sexism2022_english-2465,not sexist
1431,sexism2022_english-12466,not sexist
1432,sexism2022_english-5746,not sexist
1433,sexism2022_english-19588,not sexist
1434,sexism2022_english-14752,not sexist
1435,sexism2022_english-12719,not sexist
1436,sexism2022_english-7060,sexist
1437,sexism2022_english-16699,not sexist
1438,sexism2022_english-12118,not sexist
1439,sexism2022_english-14,not sexist
1440,sexism2022_english-19360,not sexist
1441,sexism2022_english-7882,sexist
1442,sexism2022_english-9274,not sexist
1443,sexism2022_english-12045,not sexist
1444,sexism2022_english-6420,not sexist
1445,sexism2022_english-8894,not sexist
1446,sexism2022_english-653,sexist
1447,sexism2022_english-3806,not sexist
1448,sexism2022_english-12854,not sexist
1449,sexism2022_english-13580,not sexist
1450,sexism2022_english-13938,not sexist
1451,sexism2022_english-11536,not sexist
1452,sexism2022_english-19819,not sexist
1453,sexism2022_english-15381,not sexist
1454,sexism2022_english-2541,not sexist
1455,sexism2022_english-2826,not sexist
1456,sexism2022_english-4692,not sexist
1457,sexism2022_english-18119,not sexist
1458,sexism2022_english-16858,not sexist
1459,sexism2022_english-4258,not sexist
1460,sexism2022_english-16613,sexist
1461,sexism2022_english-12404,not sexist
1462,sexism2022_english-9553,not sexist
1463,sexism2022_english-11887,not sexist
1464,sexism2022_english-11412,not sexist
1465,sexism2022_english-8944,sexist
1466,sexism2022_english-8493,not sexist
1467,sexism2022_english-5174,not sexist
1468,sexism2022_english-18120,not sexist
1469,sexism2022_english-9301,not sexist
1470,sexism2022_english-19702,not sexist
1471,sexism2022_english-7726,not sexist
1472,sexism2022_english-10793,not sexist
1473,sexism2022_english-10949,not sexist
1474,sexism2022_english-16434,not sexist
1475,sexism2022_english-8321,not sexist
1476,sexism2022_english-11385,not sexist
1477,sexism2022_english-12248,not sexist
1478,sexism2022_english-2533,not sexist
1479,sexism2022_english-13935,not sexist
1480,sexism2022_english-2448,not sexist
1481,sexism2022_english-162,not sexist
1482,sexism2022_english-10932,not sexist
1483,sexism2022_english-18976,not sexist
1484,sexism2022_english-2004,not sexist
1485,sexism2022_english-3494,not sexist
1486,sexism2022_english-9473,not sexist
1487,sexism2022_english-13222,not sexist
1488,sexism2022_english-14129,not sexist
1489,sexism2022_english-8823,not sexist
1490,sexism2022_english-13600,not sexist
1491,sexism2022_english-4490,not sexist
1492,sexism2022_english-7921,not sexist
1493,sexism2022_english-8368,not sexist
1494,sexism2022_english-18020,not sexist
1495,sexism2022_english-11519,not sexist
1496,sexism2022_english-12430,not sexist
1497,sexism2022_english-12206,not sexist
1498,sexism2022_english-14749,not sexist
1499,sexism2022_english-2393,not sexist
1500,sexism2022_english-1062,not sexist
1501,sexism2022_english-11983,not sexist
1502,sexism2022_english-17271,not sexist
1503,sexism2022_english-8787,not sexist
1504,sexism2022_english-7929,not sexist
1505,sexism2022_english-14913,not sexist
1506,sexism2022_english-11719,not sexist
1507,sexism2022_english-7147,not sexist
1508,sexism2022_english-1601,not sexist
1509,sexism2022_english-8156,not sexist
1510,sexism2022_english-19152,not sexist
1511,sexism2022_english-2783,not sexist
1512,sexism2022_english-15386,not sexist
1513,sexism2022_english-2191,not sexist
1514,sexism2022_english-6728,not sexist
1515,sexism2022_english-1185,not sexist
1516,sexism2022_english-14993,not sexist
1517,sexism2022_english-19650,not sexist
1518,sexism2022_english-16486,not sexist
1519,sexism2022_english-3899,not sexist
1520,sexism2022_english-4212,not sexist
1521,sexism2022_english-79,not sexist
1522,sexism2022_english-8214,not sexist
1523,sexism2022_english-13674,not sexist
1524,sexism2022_english-11379,not sexist
1525,sexism2022_english-10380,not sexist
1526,sexism2022_english-8134,not sexist
1527,sexism2022_english-7270,not sexist
1528,sexism2022_english-17915,not sexist
1529,sexism2022_english-4441,not sexist
1530,sexism2022_english-15661,not sexist
1531,sexism2022_english-3115,not sexist
1532,sexism2022_english-9962,not sexist
1533,sexism2022_english-11842,not sexist
1534,sexism2022_english-19001,not sexist
1535,sexism2022_english-15111,not sexist
1536,sexism2022_english-2655,not sexist
1537,sexism2022_english-6040,not sexist
1538,sexism2022_english-5018,not sexist
1539,sexism2022_english-4361,not sexist
1540,sexism2022_english-2290,not sexist
1541,sexism2022_english-769,not sexist
1542,sexism2022_english-18607,not sexist
1543,sexism2022_english-11738,not sexist
1544,sexism2022_english-10489,not sexist
1545,sexism2022_english-11671,not sexist
1546,sexism2022_english-12786,not sexist
1547,sexism2022_english-2812,not sexist
1548,sexism2022_english-19647,sexist
1549,sexism2022_english-4150,not sexist
1550,sexism2022_english-7476,not sexist
1551,sexism2022_english-12240,not sexist
1552,sexism2022_english-9609,not sexist
1553,sexism2022_english-16051,not sexist
1554,sexism2022_english-3025,not sexist
1555,sexism2022_english-6912,not sexist
1556,sexism2022_english-18966,not sexist
1557,sexism2022_english-12120,sexist
1558,sexism2022_english-13731,sexist
1559,sexism2022_english-1099,not sexist
1560,sexism2022_english-8760,not sexist
1561,sexism2022_english-4459,not sexist
1562,sexism2022_english-7467,not sexist
1563,sexism2022_english-11989,not sexist
1564,sexism2022_english-17720,sexist
1565,sexism2022_english-1305,sexist
1566,sexism2022_english-4015,not sexist
1567,sexism2022_english-9426,not sexist
1568,sexism2022_english-5071,not sexist
1569,sexism2022_english-4996,not sexist
1570,sexism2022_english-18918,not sexist
1571,sexism2022_english-12604,not sexist
1572,sexism2022_english-7289,not sexist
1573,sexism2022_english-12127,not sexist
1574,sexism2022_english-164,not sexist
1575,sexism2022_english-15577,not sexist
1576,sexism2022_english-865,not sexist
1577,sexism2022_english-18147,not sexist
1578,sexism2022_english-8854,not sexist
1579,sexism2022_english-11349,not sexist
1580,sexism2022_english-4164,not sexist
1581,sexism2022_english-799,sexist
1582,sexism2022_english-8293,not sexist
1583,sexism2022_english-2863,not sexist
1584,sexism2022_english-13380,not sexist
1585,sexism2022_english-9930,not sexist
1586,sexism2022_english-3684,not sexist
1587,sexism2022_english-16369,not sexist
1588,sexism2022_english-13357,not sexist
1589,sexism2022_english-2543,not sexist
1590,sexism2022_english-17281,not sexist
1591,sexism2022_english-12353,not sexist
1592,sexism2022_english-6483,not sexist
1593,sexism2022_english-13885,not sexist
1594,sexism2022_english-19940,not sexist
1595,sexism2022_english-14494,not sexist
1596,sexism2022_english-5744,not sexist
1597,sexism2022_english-10144,not sexist
1598,sexism2022_english-3388,sexist
1599,sexism2022_english-19707,not sexist
1600,sexism2022_english-12928,not sexist
1601,sexism2022_english-7954,not sexist
1602,sexism2022_english-14013,not sexist
1603,sexism2022_english-16184,not sexist
1604,sexism2022_english-8975,not sexist
1605,sexism2022_english-16967,sexist
1606,sexism2022_english-6989,not sexist
1607,sexism2022_english-16710,not sexist
1608,sexism2022_english-10255,not sexist
1609,sexism2022_english-11673,not sexist
1610,sexism2022_english-17140,not sexist
1611,sexism2022_english-19768,not sexist
1612,sexism2022_english-16492,not sexist
1613,sexism2022_english-18208,not sexist
1614,sexism2022_english-7652,sexist
1615,sexism2022_english-16838,not sexist
1616,sexism2022_english-6416,not sexist
1617,sexism2022_english-15858,not sexist
1618,sexism2022_english-8773,not sexist
1619,sexism2022_english-19085,sexist
1620,sexism2022_english-16227,not sexist
1621,sexism2022_english-3168,not sexist
1622,sexism2022_english-19209,not sexist
1623,sexism2022_english-16482,not sexist
1624,sexism2022_english-13401,not sexist
1625,sexism2022_english-3371,sexist
1626,sexism2022_english-13957,not sexist
1627,sexism2022_english-11909,not sexist
1628,sexism2022_english-3999,not sexist
1629,sexism2022_english-13445,not sexist
1630,sexism2022_english-8881,not sexist
1631,sexism2022_english-3097,not sexist
1632,sexism2022_english-4741,sexist
1633,sexism2022_english-12840,not sexist
1634,sexism2022_english-2661,not sexist
1635,sexism2022_english-8876,not sexist
1636,sexism2022_english-5234,not sexist
1637,sexism2022_english-6841,not sexist
1638,sexism2022_english-131,not sexist
1639,sexism2022_english-748,not sexist
1640,sexism2022_english-17267,not sexist
1641,sexism2022_english-10946,not sexist
1642,sexism2022_english-15889,not sexist
1643,sexism2022_english-4190,not sexist
1644,sexism2022_english-14832,not sexist
1645,sexism2022_english-19182,not sexist
1646,sexism2022_english-6488,not sexist
1647,sexism2022_english-18182,not sexist
1648,sexism2022_english-7300,not sexist
1649,sexism2022_english-10718,not sexist
1650,sexism2022_english-18713,sexist
1651,sexism2022_english-5372,not sexist
1652,sexism2022_english-8470,not sexist
1653,sexism2022_english-14600,not sexist
1654,sexism2022_english-940,not sexist
1655,sexism2022_english-3221,sexist
1656,sexism2022_english-2125,sexist
1657,sexism2022_english-7994,not sexist
1658,sexism2022_english-826,not sexist
1659,sexism2022_english-17414,not sexist
1660,sexism2022_english-184,not sexist
1661,sexism2022_english-9306,not sexist
1662,sexism2022_english-8581,not sexist
1663,sexism2022_english-15895,not sexist
1664,sexism2022_english-9187,not sexist
1665,sexism2022_english-5699,not sexist
1666,sexism2022_english-5471,not sexist
1667,sexism2022_english-11443,not sexist
1668,sexism2022_english-14065,not sexist
1669,sexism2022_english-2616,not sexist
1670,sexism2022_english-17047,not sexist
1671,sexism2022_english-16976,not sexist
1672,sexism2022_english-10543,not sexist
1673,sexism2022_english-3982,not sexist
1674,sexism2022_english-4830,not sexist
1675,sexism2022_english-17489,not sexist
1676,sexism2022_english-7394,not sexist
1677,sexism2022_english-19749,not sexist
1678,sexism2022_english-15830,sexist
1679,sexism2022_english-3553,not sexist
1680,sexism2022_english-18702,sexist
1681,sexism2022_english-6835,not sexist
1682,sexism2022_english-7856,sexist
1683,sexism2022_english-4378,not sexist
1684,sexism2022_english-12624,not sexist
1685,sexism2022_english-7980,not sexist
1686,sexism2022_english-18421,not sexist
1687,sexism2022_english-3601,not sexist
1688,sexism2022_english-5616,sexist
1689,sexism2022_english-3976,not sexist
1690,sexism2022_english-703,sexist
1691,sexism2022_english-15746,not sexist
1692,sexism2022_english-5989,not sexist
1693,sexism2022_english-5609,not sexist
1694,sexism2022_english-12605,not sexist
1695,sexism2022_english-611,sexist
1696,sexism2022_english-15651,not sexist
1697,sexism2022_english-8554,not sexist
1698,sexism2022_english-16675,not sexist
1699,sexism2022_english-45,not sexist
1700,sexism2022_english-12252,not sexist
1701,sexism2022_english-5093,not sexist
1702,sexism2022_english-13091,not sexist
1703,sexism2022_english-12808,not sexist
1704,sexism2022_english-8591,not sexist
1705,sexism2022_english-8082,not sexist
1706,sexism2022_english-9038,not sexist
1707,sexism2022_english-11316,not sexist
1708,sexism2022_english-11940,not sexist
1709,sexism2022_english-15769,not sexist
1710,sexism2022_english-14989,not sexist
1711,sexism2022_english-19782,not sexist
1712,sexism2022_english-4761,not sexist
1713,sexism2022_english-19988,not sexist
1714,sexism2022_english-9316,not sexist
1715,sexism2022_english-10113,not sexist
1716,sexism2022_english-9776,not sexist
1717,sexism2022_english-4205,not sexist
1718,sexism2022_english-19923,not sexist
1719,sexism2022_english-1119,not sexist
1720,sexism2022_english-11945,not sexist
1721,sexism2022_english-4698,not sexist
1722,sexism2022_english-6681,not sexist
1723,sexism2022_english-8360,not sexist
1724,sexism2022_english-17877,not sexist
1725,sexism2022_english-17768,not sexist
1726,sexism2022_english-17072,not sexist
1727,sexism2022_english-16786,not sexist
1728,sexism2022_english-10325,not sexist
1729,sexism2022_english-15932,not sexist
1730,sexism2022_english-10434,not sexist
1731,sexism2022_english-7581,not sexist
1732,sexism2022_english-8592,not sexist
1733,sexism2022_english-8495,not sexist
1734,sexism2022_english-8010,not sexist
1735,sexism2022_english-2546,not sexist
1736,sexism2022_english-16865,not sexist
1737,sexism2022_english-13962,sexist
1738,sexism2022_english-1668,sexist
1739,sexism2022_english-8356,sexist
1740,sexism2022_english-17035,not sexist
1741,sexism2022_english-6233,not sexist
1742,sexism2022_english-18337,not sexist
1743,sexism2022_english-17948,not sexist
1744,sexism2022_english-15656,not sexist
1745,sexism2022_english-5625,not sexist
1746,sexism2022_english-8730,not sexist
1747,sexism2022_english-14263,not sexist
1748,sexism2022_english-107,not sexist
1749,sexism2022_english-12667,not sexist
1750,sexism2022_english-9325,not sexist
1751,sexism2022_english-5973,not sexist
1752,sexism2022_english-171,sexist
1753,sexism2022_english-11219,not sexist
1754,sexism2022_english-4186,not sexist
1755,sexism2022_english-9243,not sexist
1756,sexism2022_english-10923,not sexist
1757,sexism2022_english-81,not sexist
1758,sexism2022_english-17408,not sexist
1759,sexism2022_english-16150,sexist
1760,sexism2022_english-15666,not sexist
1761,sexism2022_english-16018,not sexist
1762,sexism2022_english-4029,not sexist
1763,sexism2022_english-11087,not sexist
1764,sexism2022_english-15596,not sexist
1765,sexism2022_english-1071,not sexist
1766,sexism2022_english-13328,sexist
1767,sexism2022_english-18680,sexist
1768,sexism2022_english-13275,not sexist
1769,sexism2022_english-10072,not sexist
1770,sexism2022_english-13216,not sexist
1771,sexism2022_english-12142,not sexist
1772,sexism2022_english-10650,sexist
1773,sexism2022_english-7662,not sexist
1774,sexism2022_english-15303,not sexist
1775,sexism2022_english-238,not sexist
1776,sexism2022_english-16671,not sexist
1777,sexism2022_english-8022,not sexist
1778,sexism2022_english-676,not sexist
1779,sexism2022_english-15301,not sexist
1780,sexism2022_english-10539,not sexist
1781,sexism2022_english-14387,not sexist
1782,sexism2022_english-17444,not sexist
1783,sexism2022_english-5567,not sexist
1784,sexism2022_english-8579,not sexist
1785,sexism2022_english-5227,not sexist
1786,sexism2022_english-9733,not sexist
1787,sexism2022_english-10373,not sexist
1788,sexism2022_english-7177,not sexist
1789,sexism2022_english-3640,not sexist
1790,sexism2022_english-11106,not sexist
1791,sexism2022_english-6407,not sexist
1792,sexism2022_english-12234,not sexist
1793,sexism2022_english-2902,not sexist
1794,sexism2022_english-9746,not sexist
1795,sexism2022_english-757,not sexist
1796,sexism2022_english-18929,not sexist
1797,sexism2022_english-19309,not sexist
1798,sexism2022_english-10837,not sexist
1799,sexism2022_english-16203,not sexist
1800,sexism2022_english-9383,not sexist
1801,sexism2022_english-302,not sexist
1802,sexism2022_english-2419,not sexist
1803,sexism2022_english-563,not sexist
1804,sexism2022_english-8169,not sexist
1805,sexism2022_english-9646,not sexist
1806,sexism2022_english-19060,not sexist
1807,sexism2022_english-19318,not sexist
1808,sexism2022_english-8167,not sexist
1809,sexism2022_english-5833,not sexist
1810,sexism2022_english-15209,not sexist
1811,sexism2022_english-14662,not sexist
1812,sexism2022_english-15903,not sexist
1813,sexism2022_english-17416,not sexist
1814,sexism2022_english-9433,not sexist
1815,sexism2022_english-12916,not sexist
1816,sexism2022_english-14422,not sexist
1817,sexism2022_english-10726,not sexist
1818,sexism2022_english-11624,not sexist
1819,sexism2022_english-17197,not sexist
1820,sexism2022_english-14636,not sexist
1821,sexism2022_english-5378,not sexist
1822,sexism2022_english-5822,not sexist
1823,sexism2022_english-15929,not sexist
1824,sexism2022_english-19417,sexist
1825,sexism2022_english-1223,not sexist
1826,sexism2022_english-11622,not sexist
1827,sexism2022_english-18693,not sexist
1828,sexism2022_english-18588,not sexist
1829,sexism2022_english-8164,not sexist
1830,sexism2022_english-2756,not sexist
1831,sexism2022_english-5475,not sexist
1832,sexism2022_english-1750,not sexist
1833,sexism2022_english-19640,not sexist
1834,sexism2022_english-6719,not sexist
1835,sexism2022_english-6951,not sexist
1836,sexism2022_english-13701,sexist
1837,sexism2022_english-11699,not sexist
1838,sexism2022_english-5360,not sexist
1839,sexism2022_english-7297,not sexist
1840,sexism2022_english-7532,not sexist
1841,sexism2022_english-17559,not sexist
1842,sexism2022_english-5974,not sexist
1843,sexism2022_english-10408,not sexist
1844,sexism2022_english-5466,not sexist
1845,sexism2022_english-17547,not sexist
1846,sexism2022_english-11259,not sexist
1847,sexism2022_english-606,sexist
1848,sexism2022_english-13016,sexist
1849,sexism2022_english-17228,sexist
1850,sexism2022_english-5013,not sexist
1851,sexism2022_english-14172,not sexist
1852,sexism2022_english-16521,not sexist
1853,sexism2022_english-3342,not sexist
1854,sexism2022_english-14012,not sexist
1855,sexism2022_english-16038,not sexist
1856,sexism2022_english-13115,not sexist
1857,sexism2022_english-412,not sexist
1858,sexism2022_english-351,not sexist
1859,sexism2022_english-14294,not sexist
1860,sexism2022_english-14706,not sexist
1861,sexism2022_english-17746,sexist
1862,sexism2022_english-15207,not sexist
1863,sexism2022_english-10515,not sexist
1864,sexism2022_english-8546,not sexist
1865,sexism2022_english-2230,not sexist
1866,sexism2022_english-17894,not sexist
1867,sexism2022_english-11410,not sexist
1868,sexism2022_english-12398,not sexist
1869,sexism2022_english-17667,sexist
1870,sexism2022_english-16923,not sexist
1871,sexism2022_english-4858,not sexist
1872,sexism2022_english-9697,not sexist
1873,sexism2022_english-15588,not sexist
1874,sexism2022_english-1265,not sexist
1875,sexism2022_english-15079,not sexist
1876,sexism2022_english-16252,not sexist
1877,sexism2022_english-2170,sexist
1878,sexism2022_english-9760,not sexist
1879,sexism2022_english-17693,not sexist
1880,sexism2022_english-2810,not sexist
1881,sexism2022_english-9831,not sexist
1882,sexism2022_english-4606,not sexist
1883,sexism2022_english-13567,not sexist
1884,sexism2022_english-14392,not sexist
1885,sexism2022_english-6136,not sexist
1886,sexism2022_english-17296,not sexist
1887,sexism2022_english-233,not sexist
1888,sexism2022_english-14917,not sexist
1889,sexism2022_english-10711,not sexist
1890,sexism2022_english-16637,not sexist
1891,sexism2022_english-475,not sexist
1892,sexism2022_english-15658,not sexist
1893,sexism2022_english-13981,sexist
1894,sexism2022_english-9636,not sexist
1895,sexism2022_english-11139,not sexist
1896,sexism2022_english-16641,not sexist
1897,sexism2022_english-8182,not sexist
1898,sexism2022_english-11175,not sexist
1899,sexism2022_english-9877,not sexist
1900,sexism2022_english-8292,not sexist
1901,sexism2022_english-9455,not sexist
1902,sexism2022_english-15295,not sexist
1903,sexism2022_english-5563,not sexist
1904,sexism2022_english-11335,not sexist
1905,sexism2022_english-9783,not sexist
1906,sexism2022_english-4740,not sexist
1907,sexism2022_english-18786,not sexist
1908,sexism2022_english-19624,not sexist
1909,sexism2022_english-4947,not sexist
1910,sexism2022_english-9886,not sexist
1911,sexism2022_english-14786,not sexist
1912,sexism2022_english-5727,not sexist
1913,sexism2022_english-69,not sexist
1914,sexism2022_english-7135,not sexist
1915,sexism2022_english-10282,not sexist
1916,sexism2022_english-14927,not sexist
1917,sexism2022_english-15750,not sexist
1918,sexism2022_english-19677,not sexist
1919,sexism2022_english-14088,not sexist
1920,sexism2022_english-6590,not sexist
1921,sexism2022_english-5980,not sexist
1922,sexism2022_english-19178,not sexist
1923,sexism2022_english-2971,not sexist
1924,sexism2022_english-10665,not sexist
1925,sexism2022_english-1053,not sexist
1926,sexism2022_english-2815,not sexist
1927,sexism2022_english-8839,not sexist
1928,sexism2022_english-13211,not sexist
1929,sexism2022_english-12282,not sexist
1930,sexism2022_english-13906,not sexist
1931,sexism2022_english-18941,not sexist
1932,sexism2022_english-18591,not sexist
1933,sexism2022_english-37,sexist
1934,sexism2022_english-3894,sexist
1935,sexism2022_english-19531,not sexist
1936,sexism2022_english-381,not sexist
1937,sexism2022_english-6715,not sexist
1938,sexism2022_english-8013,not sexist
1939,sexism2022_english-1443,not sexist
1940,sexism2022_english-6562,sexist
1941,sexism2022_english-13409,not sexist
1942,sexism2022_english-6873,not sexist
1943,sexism2022_english-2679,not sexist
1944,sexism2022_english-2584,not sexist
1945,sexism2022_english-18084,not sexist
1946,sexism2022_english-19213,not sexist
1947,sexism2022_english-10872,not sexist
1948,sexism2022_english-7949,not sexist
1949,sexism2022_english-3516,not sexist
1950,sexism2022_english-6595,not sexist
1951,sexism2022_english-18751,not sexist
1952,sexism2022_english-4197,not sexist
1953,sexism2022_english-832,not sexist
1954,sexism2022_english-2701,not sexist
1955,sexism2022_english-1340,sexist
1956,sexism2022_english-1124,not sexist
1957,sexism2022_english-13507,not sexist
1958,sexism2022_english-16086,not sexist
1959,sexism2022_english-7020,not sexist
1960,sexism2022_english-3505,not sexist
1961,sexism2022_english-16447,not sexist
1962,sexism2022_english-15384,not sexist
1963,sexism2022_english-1786,not sexist
1964,sexism2022_english-1950,sexist
1965,sexism2022_english-13734,not sexist
1966,sexism2022_english-16010,not sexist
1967,sexism2022_english-9320,sexist
1968,sexism2022_english-17251,not sexist
1969,sexism2022_english-14726,not sexist
1970,sexism2022_english-8502,not sexist
1971,sexism2022_english-14200,not sexist
1972,sexism2022_english-273,sexist
1973,sexism2022_english-3720,sexist
1974,sexism2022_english-17061,not sexist
1975,sexism2022_english-19401,not sexist
1976,sexism2022_english-9638,not sexist
1977,sexism2022_english-12111,not sexist
1978,sexism2022_english-6631,not sexist
1979,sexism2022_english-95,sexist
1980,sexism2022_english-5266,not sexist
1981,sexism2022_english-14818,not sexist
1982,sexism2022_english-3284,not sexist
1983,sexism2022_english-6306,not sexist
1984,sexism2022_english-9963,not sexist
1985,sexism2022_english-4762,not sexist
1986,sexism2022_english-4180,not sexist
1987,sexism2022_english-16995,not sexist
1988,sexism2022_english-1846,not sexist
1989,sexism2022_english-11899,not sexist
1990,sexism2022_english-14951,not sexist
1991,sexism2022_english-12865,not sexist
1992,sexism2022_english-3042,not sexist
1993,sexism2022_english-3811,not sexist
1994,sexism2022_english-6084,not sexist
1995,sexism2022_english-13861,not sexist
1996,sexism2022_english-6864,not sexist
1997,sexism2022_english-17934,not sexist
1998,sexism2022_english-4138,sexist
1999,sexism2022_english-18351,not sexist
